City ID,City,Country,Date,Lat,Lng,Max Temp,Humidity,Cloudiness,Wind Speed,Current Description
0,Batangafo,CF,2022-10-02 16:01:59,7.3008,18.2833,80.37,79,93,1.66,overcast clouds
1,Clarence Town,AU,2022-10-02 16:01:59,-32.5833,151.7833,54.86,94,0,2.46,clear sky
2,Verkhoyansk,RU,2022-10-02 16:02:00,67.5447,133.385,19.26,96,100,2.84,overcast clouds
3,Lebu,CL,2022-10-02 16:02:00,-37.6167,-73.65,59.02,69,100,6.06,overcast clouds
4,Bathsheba,BB,2022-10-02 15:57:41,13.2167,-59.5167,88.41,70,40,19.57,scattered clouds
5,Klaksvik,FO,2022-10-02 16:02:01,62.2266,-6.589,52.72,81,10,26.6,clear sky
6,Ushuaia,AR,2022-10-02 15:57:48,-54.8,-68.3,44.26,53,0,4.61,clear sky
7,Victoria,HK,2022-10-02 15:54:28,22.2855,114.1577,84.38,83,18,8.01,few clouds
8,Oranjestad,AW,2022-10-02 16:02:01,12.524,-70.027,84.18,78,52,16.44,broken clouds
9,Karatuzskoye,RU,2022-10-02 16:02:02,53.6072,92.8667,28.54,68,13,2.73,few clouds
10,Punta Arenas,CL,2022-10-02 15:57:41,-53.15,-70.9167,44.71,65,0,9.22,clear sky
11,Tasiilaq,GL,2022-10-02 15:58:55,65.6145,-37.6368,35.51,96,100,36.98,moderate rain
12,Atuona,PF,2022-10-02 15:58:52,-9.8,-139.0333,76.78,72,14,21.16,few clouds
13,Nanortalik,GL,2022-10-02 16:02:02,60.1432,-45.2371,37.99,77,79,10.87,broken clouds
14,Busselton,AU,2022-10-02 15:57:40,-33.65,115.3333,49.62,76,3,13.42,clear sky
15,Kruisfontein,ZA,2022-10-02 16:02:03,-34.0033,24.7314,68.68,75,0,6.04,clear sky
16,Linhares,BR,2022-10-02 16:01:10,-19.3911,-40.0722,91.71,36,24,5.73,few clouds
17,Saint-Philippe,RE,2022-10-02 15:58:54,-21.3585,55.7679,71.19,73,43,11.21,scattered clouds
18,Mahebourg,MU,2022-10-02 16:02:04,-20.4081,57.7,71.26,66,73,13.76,broken clouds
19,Tiksi,RU,2022-10-02 16:02:04,71.6872,128.8694,24.91,87,100,13.71,overcast clouds
20,Mataura,NZ,2022-10-02 15:58:51,-46.1927,168.8643,47.48,98,47,2.48,scattered clouds
21,New Norfolk,AU,2022-10-02 15:57:37,-42.7826,147.0587,48.7,73,100,2.04,overcast clouds
22,Cape Town,ZA,2022-10-02 15:57:39,-33.9258,18.4232,69.1,52,20,20.71,few clouds
23,Bluff,NZ,2022-10-02 15:59:02,-46.6,168.3333,47.8,78,54,21.94,broken clouds
24,Rikitea,PF,2022-10-02 15:59:00,-23.1203,-134.9692,73.63,70,73,8.01,broken clouds
25,Esperance,AU,2022-10-02 15:58:58,-33.8667,121.9,53.44,79,100,15.37,light rain
26,Barrow,US,2022-10-02 16:00:25,71.2906,-156.7887,26.62,80,100,9.22,overcast clouds
27,Chuy,UY,2022-10-02 15:57:41,-33.6971,-53.4616,67.69,49,1,6.15,clear sky
28,Vaini,TO,2022-10-02 15:57:38,-21.2,-175.2,73.56,88,20,6.91,few clouds
29,Port Alfred,ZA,2022-10-02 16:00:33,-33.5906,26.891,69.19,85,0,5.01,clear sky
30,Dikson,RU,2022-10-02 15:58:58,73.5069,80.5464,28.8,84,73,18.61,broken clouds
31,Marienburg,PL,2022-10-02 16:02:07,54.0359,19.0266,53.89,75,79,11.77,broken clouds
32,Margate,GB,2022-10-02 16:02:07,51.3813,1.3862,65.7,65,31,3.0,scattered clouds
33,Sampit,ID,2022-10-02 16:02:07,-2.5333,112.95,74.91,97,99,2.91,overcast clouds
34,Geraldton,AU,2022-10-02 16:02:08,-28.7667,114.6,55.81,67,18,10.36,few clouds
35,Delanggu,ID,2022-10-02 16:02:09,-7.6167,110.6833,75.36,91,93,6.04,overcast clouds
36,Sinnamary,GF,2022-10-02 16:02:09,5.3833,-52.95,87.82,60,25,9.35,scattered clouds
37,Westport,US,2022-10-02 16:02:09,41.1415,-73.3579,60.78,71,100,13.0,overcast clouds
38,Faanui,PF,2022-10-02 16:02:10,-16.4833,-151.75,78.3,72,99,16.44,overcast clouds
39,Pekan,MY,2022-10-02 16:02:11,3.4836,103.3996,76.39,89,100,2.57,moderate rain
40,Vila Velha,BR,2022-10-02 16:01:37,-20.3297,-40.2925,84.15,73,0,14.97,clear sky
41,Kodiak,US,2022-10-02 16:00:43,57.79,-152.4072,45.91,87,100,0.0,overcast clouds
42,Okha,RU,2022-10-02 16:02:12,53.5739,142.9478,48.87,78,100,16.96,overcast clouds
43,Flinders,AU,2022-10-02 16:02:12,-34.5833,150.8552,50.18,88,8,3.0,clear sky
44,Sitka,US,2022-10-02 16:02:13,57.0531,-135.33,46.9,71,99,2.77,overcast clouds
45,Carnarvon,AU,2022-10-02 15:57:39,-24.8667,113.6333,69.4,57,1,16.49,clear sky
46,Capaci,IT,2022-10-02 16:03:13,38.1711,13.2393,77.94,47,0,5.75,clear sky
47,Tuktoyaktuk,CA,2022-10-02 15:58:57,69.4541,-133.0374,26.6,86,100,14.97,overcast clouds
48,Taoudenni,ML,2022-10-02 16:03:14,22.6783,-3.9836,103.89,17,99,10.18,overcast clouds
49,Aberfoyle,AU,2022-10-02 16:03:15,-30.2667,152.0167,40.21,94,98,0.83,overcast clouds
50,Vila Franca Do Campo,PT,2022-10-02 16:03:15,37.7167,-25.4333,73.81,75,60,15.52,broken clouds
51,Sao Filipe,CV,2022-10-02 16:03:16,14.8961,-24.4956,77.63,73,58,9.73,broken clouds
52,Karratha,AU,2022-10-02 16:03:16,-20.7377,116.8463,73.83,59,11,16.69,few clouds
53,Ponta Do Sol,PT,2022-10-02 15:59:03,32.6667,-17.1,78.01,75,30,4.14,scattered clouds
54,Albany,US,2022-10-02 15:55:34,42.6001,-73.9662,55.17,73,66,9.48,broken clouds
55,Buala,SB,2022-10-02 16:03:17,-8.145,159.5921,79.9,82,25,5.68,scattered clouds
56,Bowen,AU,2022-10-02 16:03:17,-20.0167,148.2333,73.44,73,79,6.24,broken clouds
57,Torbay,CA,2022-10-02 15:58:50,47.6666,-52.7314,52.27,57,75,12.66,broken clouds
58,Caravelas,BR,2022-10-02 16:03:18,-17.7125,-39.2481,82.54,57,75,9.35,broken clouds
59,East London,ZA,2022-10-02 16:03:19,-33.0153,27.9116,69.33,85,5,18.77,clear sky
60,Quatre Cocos,MU,2022-10-02 16:03:19,-20.2078,57.7625,71.1,67,78,14.5,broken clouds
61,Burgeo,CA,2022-10-02 16:03:19,47.6167,-57.6152,49.73,51,86,17.65,overcast clouds
62,Cabanas,CU,2022-10-02 16:03:20,22.9758,-82.9219,81.27,58,19,9.86,few clouds
63,Hilo,US,2022-10-02 15:58:59,19.7297,-155.09,83.28,89,0,5.01,clear sky
64,Helmstedt,DE,2022-10-02 16:03:20,52.2279,11.0099,59.43,69,31,13.96,scattered clouds
65,Makarov,RU,2022-10-02 16:03:21,48.6333,142.8,48.34,87,75,9.04,broken clouds
66,Aba,NG,2022-10-02 16:03:21,5.1066,7.3667,79.56,79,94,6.93,overcast clouds
67,Saskylakh,RU,2022-10-02 16:03:22,71.9167,114.0833,25.0,94,100,15.08,light snow
68,Athabasca,CA,2022-10-02 15:59:00,54.7169,-113.2854,61.21,51,2,5.77,clear sky
69,Hobyo,SO,2022-10-02 16:03:22,5.3505,48.5268,76.86,84,80,22.91,broken clouds
70,Noumea,NC,2022-10-02 16:03:23,-22.2763,166.4572,73.99,99,100,5.08,light rain
71,Morehead,US,2022-10-02 16:03:23,37.2711,-87.1764,68.99,60,0,5.75,clear sky
72,Moissac,FR,2022-10-02 16:03:24,44.1024,1.0945,74.48,56,100,6.08,overcast clouds
73,Ostrovnoy,RU,2022-10-02 16:03:24,68.0531,39.5131,37.24,79,90,7.31,overcast clouds
74,Berlevag,NO,2022-10-02 15:57:44,70.8578,29.0864,41.0,87,100,4.61,overcast clouds
75,Abashiri,JP,2022-10-02 16:03:25,44.0213,144.2697,57.94,85,0,12.3,clear sky
76,Pevek,RU,2022-10-02 16:03:25,69.7008,170.3133,30.97,95,100,5.03,overcast clouds
77,Progreso,MX,2022-10-02 16:03:26,21.2833,-89.6667,84.31,53,23,4.81,few clouds
78,Bredasdorp,ZA,2022-10-02 15:57:42,-34.5322,20.0403,66.24,58,0,14.45,clear sky
79,Puerto Ayora,EC,2022-10-02 15:58:52,-0.7393,-90.3518,71.56,94,96,7.0,overcast clouds
80,Chokurdakh,RU,2022-10-02 15:58:49,70.6333,147.9167,16.92,90,46,6.87,scattered clouds
81,Katsuura,JP,2022-10-02 16:03:26,35.1333,140.3,72.37,69,76,4.7,broken clouds
82,Vostok,RU,2022-10-02 16:03:27,46.4856,135.8833,47.08,94,4,5.12,clear sky
83,Vanavara,RU,2022-10-02 16:03:27,60.34,102.2797,27.36,83,100,5.77,overcast clouds
84,Ubatuba,BR,2022-10-02 16:03:27,-23.4339,-45.0711,70.7,89,93,4.05,overcast clouds
85,Castro,BR,2022-10-02 16:03:28,-24.7911,-50.0119,73.47,54,58,5.26,broken clouds
86,Juba,SS,2022-10-02 16:03:29,4.8517,31.5825,82.36,53,85,4.97,overcast clouds
87,Cabedelo,BR,2022-10-02 16:03:29,-6.9811,-34.8339,80.1,69,54,14.32,broken clouds
88,Qaqortoq,GL,2022-10-02 15:57:38,60.7167,-46.0333,37.85,69,37,4.0,scattered clouds
89,Faya,SA,2022-10-02 16:04:29,18.3851,42.4509,66.72,63,26,6.85,scattered clouds
90,Khatanga,RU,2022-10-02 15:57:43,71.9667,102.5,20.61,97,99,9.6,overcast clouds
91,Poum,NC,2022-10-02 16:04:30,-20.2333,164.0167,73.83,73,98,11.74,overcast clouds
92,Olafsvik,IS,2022-10-02 16:04:30,64.8945,-23.7142,47.55,75,100,13.18,overcast clouds
93,Sibolga,ID,2022-10-02 16:04:31,1.7427,98.7792,73.96,93,100,2.21,overcast clouds
94,Kalmunai,LK,2022-10-02 16:04:31,7.4167,81.8167,83.53,61,92,10.98,overcast clouds
95,Puerto Del Rosario,ES,2022-10-02 16:04:31,28.5004,-13.8627,76.75,78,0,12.66,clear sky
96,Rantepao,ID,2022-10-02 16:04:32,-2.9701,119.8978,66.81,96,93,2.04,moderate rain
97,Georgetown,MY,2022-10-02 15:52:57,5.4112,100.3354,82.89,83,20,3.44,few clouds
98,Jamestown,US,2022-10-02 15:55:49,42.097,-79.2353,57.52,60,0,17.27,clear sky
99,Magadan,RU,2022-10-02 16:04:32,59.5667,150.8,32.02,60,99,6.69,overcast clouds
100,Mancio Lima,BR,2022-10-02 16:04:33,-7.6142,-72.8958,96.26,35,25,2.06,scattered clouds
101,Ribeira Grande,PT,2022-10-02 15:58:56,38.5167,-28.7,73.8,88,40,18.41,scattered clouds
102,Yellowknife,CA,2022-10-02 16:01:27,62.456,-114.3525,42.48,67,47,26.93,scattered clouds
103,Hermanus,ZA,2022-10-02 15:57:39,-34.4187,19.2345,63.81,78,0,16.62,clear sky
104,Codrington,AU,2022-10-02 16:04:33,-38.2667,141.9667,46.29,87,100,6.64,overcast clouds
105,Novyy Urengoy,RU,2022-10-02 16:04:34,66.0833,76.6333,34.92,67,100,14.94,overcast clouds
106,Alofi,NU,2022-10-02 15:57:45,-19.0595,-169.9187,71.49,78,57,8.05,broken clouds
107,Dong Hoi,VN,2022-10-02 16:00:44,17.4833,106.6,78.22,87,98,4.74,light rain
108,Labuhan,ID,2022-10-02 16:04:34,-6.8844,112.2051,80.24,77,98,4.79,overcast clouds
109,Paamiut,GL,2022-10-02 16:04:34,61.994,-49.6678,36.32,69,31,13.04,scattered clouds
110,Beisfjord,NO,2022-10-02 16:04:35,68.3751,17.5988,46.45,86,70,1.7,broken clouds
111,Narsaq,GL,2022-10-02 16:04:35,60.9167,-46.05,36.9,56,40,0.67,scattered clouds
112,Kardamaina,GR,2022-10-02 16:04:35,36.7814,27.1425,78.28,69,0,16.11,clear sky
113,Port Elizabeth,ZA,2022-10-02 15:57:43,-33.918,25.5701,70.09,85,0,14.97,clear sky
114,Ballina,AU,2022-10-02 16:04:36,-28.8667,153.5667,54.01,99,68,6.93,broken clouds
115,Thompson,CA,2022-10-02 15:53:26,55.7435,-97.8558,50.16,66,75,9.22,broken clouds
116,Yerbogachen,RU,2022-10-02 16:04:36,61.2767,108.0108,27.99,84,99,4.41,overcast clouds
117,Luderitz,NA,2022-10-02 15:59:37,-26.6481,15.1594,64.74,65,0,21.25,clear sky
118,Tilichiki,RU,2022-10-02 16:04:37,60.4667,166.1,31.05,89,100,5.44,overcast clouds
119,Kaitangata,NZ,2022-10-02 16:04:37,-46.2817,169.8464,40.69,91,31,6.87,scattered clouds
120,Nara,JP,2022-10-02 16:01:40,34.6851,135.8049,71.49,45,94,3.98,overcast clouds
121,Pisco,PE,2022-10-02 16:04:38,-13.7,-76.2167,64.45,77,0,10.36,clear sky
122,Shulan,CN,2022-10-02 16:04:38,44.4167,126.95,61.0,79,99,3.0,overcast clouds
123,Sheboygan,US,2022-10-02 16:00:02,43.7333,-87.9334,60.35,76,12,4.0,few clouds
124,Yalvac,TR,2022-10-02 16:04:39,38.2956,31.1778,72.95,37,15,14.09,few clouds
125,Avera,US,2022-10-02 16:04:39,33.194,-82.5271,70.56,50,0,5.77,clear sky
126,Batsfjord,NO,2022-10-02 16:04:39,70.6345,29.7185,40.93,93,100,5.75,light intensity drizzle
127,Rajpura,IN,2022-10-02 16:04:40,30.4831,76.595,77.97,61,0,7.05,clear sky
128,Doka,SD,2022-10-02 16:04:40,13.5167,35.7667,80.96,63,32,6.22,scattered clouds
129,Salvador,SV,2022-10-02 16:04:40,13.8333,-88.9167,79.2,93,100,1.86,overcast clouds
130,Datong,CN,2022-10-02 16:04:41,40.0936,113.2914,61.3,62,100,14.85,light rain
131,Provideniya,RU,2022-10-02 16:04:41,64.3833,-173.3,34.36,82,22,9.66,few clouds
132,Mahibadhoo,MV,2022-10-02 16:04:42,3.7833,72.9667,81.55,76,100,18.81,overcast clouds
133,Palu,ID,2022-10-02 16:04:42,-0.8917,119.8707,75.72,95,100,2.48,overcast clouds
134,Butaritari,KI,2022-10-02 16:00:30,3.0707,172.7902,82.04,77,100,15.21,light rain
135,Aklavik,CA,2022-10-02 16:04:43,68.2191,-135.0107,26.6,93,100,4.61,light snow
136,Vallenar,CL,2022-10-02 16:04:43,-28.5708,-70.7581,80.19,20,0,7.52,clear sky
137,Yantal,RU,2022-10-02 16:05:43,56.8471,105.2542,30.85,95,100,7.87,light snow
138,Los Llanos De Aridane,ES,2022-10-02 16:05:44,28.6585,-17.9182,73.15,77,100,5.01,overcast clouds
139,Ancud,CL,2022-10-02 16:05:44,-41.8697,-73.8203,58.12,64,99,2.13,overcast clouds
140,Hofn,IS,2022-10-02 16:00:40,64.2539,-15.2082,53.62,58,20,23.02,few clouds
141,Biak,ID,2022-10-02 16:05:44,-0.9131,122.8766,77.09,82,90,0.92,overcast clouds
142,Mar Del Plata,AR,2022-10-02 16:05:45,-38.0023,-57.5575,59.02,61,0,16.11,clear sky
143,Vinh,VN,2022-10-02 16:05:45,18.6667,105.6667,75.61,93,99,2.77,light rain
144,Leningradskiy,RU,2022-10-02 16:05:46,69.3833,178.4167,25.79,80,100,3.24,overcast clouds
145,Sistranda,NO,2022-10-02 16:05:46,63.7256,8.834,53.56,78,100,5.26,overcast clouds
146,Namibe,AO,2022-10-02 16:05:46,-15.1961,12.1522,67.5,75,11,11.99,few clouds
147,Thinadhoo,MV,2022-10-02 16:05:47,0.5333,72.9333,82.54,70,97,16.24,overcast clouds
148,Kanniyakumari,IN,2022-10-02 16:05:47,8.0833,77.5667,79.72,80,98,19.98,overcast clouds
149,Kapaa,US,2022-10-02 15:58:53,22.0752,-159.319,75.18,95,75,4.61,moderate rain
150,Road Town,VG,2022-10-02 16:01:02,18.4167,-64.6167,86.04,84,40,6.91,scattered clouds
151,Bakchar,RU,2022-10-02 16:05:48,57.0186,82.0711,28.83,75,22,2.44,few clouds
152,Ziro,IN,2022-10-02 16:05:48,27.6333,93.8333,60.42,75,88,1.36,overcast clouds
153,San Patricio,US,2022-10-02 16:05:49,28.017,-97.5169,83.07,41,78,8.99,broken clouds
154,Cidreira,BR,2022-10-02 16:05:49,-30.1811,-50.2056,65.01,77,45,6.46,scattered clouds
155,Lorengau,PG,2022-10-02 15:57:36,-2.0226,147.2712,81.82,75,15,6.82,few clouds
156,Mandera,KE,2022-10-02 16:05:50,3.9366,41.867,92.21,29,95,12.77,overcast clouds
157,Verkhnyaya Inta,RU,2022-10-02 16:05:50,65.9811,60.3094,40.77,88,100,8.63,overcast clouds
158,Tahe,CN,2022-10-02 16:05:51,52.3333,124.7333,27.66,80,76,3.67,broken clouds
159,Halol,IN,2022-10-02 16:05:51,22.5,73.4667,85.24,72,39,6.4,scattered clouds
160,Sechura,PE,2022-10-02 16:05:51,-5.5569,-80.8222,72.64,60,67,5.84,broken clouds
161,Bereda,ES,2022-10-02 16:00:38,43.2686,-7.5406,77.58,61,100,5.99,overcast clouds
162,Comodoro Rivadavia,AR,2022-10-02 16:05:05,-45.8667,-67.5,55.26,50,0,18.41,clear sky
163,Arraial Do Cabo,BR,2022-10-02 15:58:50,-22.9661,-42.0278,75.16,83,75,11.5,broken clouds
164,Qaanaaq,GL,2022-10-02 15:57:40,77.484,-69.3632,9.93,70,1,8.88,clear sky
165,Takoradi,GH,2022-10-02 16:05:52,4.8845,-1.7554,79.07,78,56,9.46,broken clouds
166,Maniitsoq,GL,2022-10-02 16:05:53,65.4167,-52.9,34.18,56,63,0.83,broken clouds
167,Chemainus,CA,2022-10-02 16:05:53,48.9163,-123.7194,63.84,80,5,1.54,clear sky
168,Srednekolymsk,RU,2022-10-02 16:05:53,67.45,153.6833,24.21,88,92,1.86,overcast clouds
169,Kudahuvadhoo,MV,2022-10-02 16:05:54,2.6708,72.8944,81.64,75,94,17.54,overcast clouds
170,Padre Bernardo,BR,2022-10-02 16:05:54,-15.35,-48.5,87.01,36,100,3.69,overcast clouds
171,Kasane,BW,2022-10-02 16:05:55,-17.8167,25.15,88.27,13,0,11.72,clear sky
172,Russell,US,2022-10-02 15:58:53,32.3502,-85.1999,74.97,37,0,10.71,clear sky
173,Yambio,SS,2022-10-02 16:05:55,4.5721,28.3955,75.88,80,96,1.81,overcast clouds
174,Acapulco,MX,2022-10-02 16:03:12,16.8634,-99.8901,81.95,76,74,3.58,broken clouds
175,Milan,IT,2022-10-02 16:05:00,45.4643,9.1895,76.44,60,0,5.99,clear sky
176,Fortuna,US,2022-10-02 16:05:56,40.5982,-124.1573,56.66,89,37,1.57,scattered clouds
177,Seoul,KR,2022-10-02 16:03:12,37.5683,126.9778,71.04,97,100,8.05,moderate rain
178,Aswan,EG,2022-10-02 16:05:56,24.0934,32.907,96.94,15,0,8.5,clear sky
179,Airai,TL,2022-10-02 16:05:56,-8.9266,125.4092,62.35,93,75,1.03,broken clouds
180,Guerrero Negro,MX,2022-10-02 16:05:57,27.9769,-114.0611,70.14,68,4,11.34,clear sky
181,Nikolskoye,RU,2022-10-02 16:00:20,59.7035,30.7861,49.91,93,95,4.61,overcast clouds
182,Vitim,RU,2022-10-02 16:06:57,59.4511,112.5578,29.48,95,100,4.56,light snow
183,Namatanai,PG,2022-10-02 16:06:58,-3.6667,152.4333,78.96,77,56,7.7,broken clouds
184,Monrovia,LR,2022-10-02 16:05:35,6.3005,-10.7969,80.37,76,100,9.51,light rain
185,Tombouctou,ML,2022-10-02 16:06:58,20.0,-3.0,101.8,20,28,11.3,scattered clouds
186,Makakilo City,US,2022-10-02 16:02:45,21.3469,-158.0858,73.62,86,9,4.63,light rain
187,Bima,ID,2022-10-02 16:06:59,-8.4667,118.7167,77.56,91,12,3.49,few clouds
188,Loubomo,CG,2022-10-02 16:06:59,-4.1997,12.6739,80.4,69,93,7.05,overcast clouds
189,Loudi,CN,2022-10-02 16:07:00,27.7344,111.9944,83.88,55,3,4.65,clear sky
190,Nuevitas,CU,2022-10-02 16:07:00,21.5453,-77.2644,85.39,65,20,5.55,few clouds
191,Ngunguru,NZ,2022-10-02 16:07:00,-35.6167,174.5,60.21,88,99,9.08,overcast clouds
192,Vagur,FO,2022-10-02 16:07:01,61.4732,-6.8119,51.01,85,36,28.97,scattered clouds
193,Lavrentiya,RU,2022-10-02 15:59:05,65.5833,-171.0,34.03,81,9,8.3,clear sky
194,Surt,LY,2022-10-02 16:07:01,31.2089,16.5887,78.33,72,7,15.73,clear sky
195,Kuznetsk,RU,2022-10-02 16:07:02,53.1167,46.6004,58.68,86,97,8.3,overcast clouds
196,Bambous Virieux,MU,2022-10-02 16:07:02,-20.3428,57.7575,71.22,66,79,13.87,broken clouds
197,Trincomalee,LK,2022-10-02 16:06:13,8.5711,81.2335,81.57,75,84,22.39,broken clouds
198,Ternate,ID,2022-10-02 16:07:02,0.8,127.4,80.22,79,96,4.7,overcast clouds
199,Aykhal,RU,2022-10-02 15:59:01,66.0,111.5,21.81,94,100,14.45,overcast clouds
200,Urubicha,BO,2022-10-02 16:07:03,-15.3833,-62.95,100.31,23,66,2.55,broken clouds
201,Aksu,CN,2022-10-02 16:07:04,41.1231,80.2644,58.21,27,19,7.16,few clouds
202,Hobart,AU,2022-10-02 15:55:16,-42.8794,147.3294,50.05,88,100,0.0,overcast clouds
203,Clyde River,CA,2022-10-02 15:57:42,70.4692,-68.5914,32.23,59,0,2.3,clear sky
204,Outlook,CA,2022-10-02 16:07:04,51.5001,-107.0513,57.24,66,22,8.86,few clouds
205,Poronaysk,RU,2022-10-02 16:07:05,49.2167,143.1167,47.95,85,92,13.69,overcast clouds
206,Ahuimanu,US,2022-10-02 16:07:05,21.4447,-157.8378,74.91,88,75,0.0,light rain
207,La Ronge,CA,2022-10-02 16:03:12,55.1001,-105.2842,61.25,57,20,11.97,few clouds
208,Raudeberg,NO,2022-10-02 16:07:06,61.9875,5.1352,50.95,1,93,18.23,light rain
209,Vanimo,PG,2022-10-02 16:07:06,-2.6741,141.3028,77.49,89,82,4.83,broken clouds
210,Buturlino,RU,2022-10-02 16:07:07,55.5667,44.8974,57.47,91,100,4.97,overcast clouds
211,Lagoa,PT,2022-10-02 16:07:07,39.05,-27.9833,70.34,90,79,25.95,broken clouds
212,Rio Bueno,CL,2022-10-02 16:07:08,-40.3167,-72.9667,63.1,48,100,1.39,overcast clouds
213,Hithadhoo,MV,2022-10-02 15:57:33,-0.6,73.0833,82.17,67,100,14.5,overcast clouds
214,Union,US,2022-10-02 16:07:08,40.6334,-74.2663,60.57,88,100,18.41,moderate rain
215,Broome,US,2022-10-02 16:00:33,42.2506,-75.833,58.08,72,100,5.99,overcast clouds
216,Portland,US,2022-10-02 15:57:04,45.5234,-122.6762,69.08,77,0,7.0,clear sky
217,Dingle,PH,2022-10-02 16:07:09,10.9995,122.6711,76.91,91,98,6.55,overcast clouds
218,Atkinson,US,2022-10-02 16:07:09,42.8384,-71.147,53.51,52,75,19.57,broken clouds
219,Shenjiamen,CN,2022-10-02 16:07:10,29.9576,122.298,78.12,88,0,21.36,clear sky
220,Bodden Town,KY,2022-10-02 16:07:10,19.2833,-81.25,87.98,68,23,5.99,few clouds
221,Port-Cartier,CA,2022-10-02 15:58:55,50.0334,-66.8654,50.76,38,4,8.97,clear sky
222,Inuvik,CA,2022-10-02 16:07:11,68.3499,-133.7218,27.0,96,100,2.8,overcast clouds
223,Lukovetskiy,RU,2022-10-02 16:07:11,64.2956,41.9211,44.19,86,100,4.27,overcast clouds
224,Kabarnet,KE,2022-10-02 16:07:12,0.4919,35.743,68.5,47,99,7.14,light rain
225,Yumen,CN,2022-10-02 16:07:12,40.2833,97.2,40.62,15,46,15.43,scattered clouds
226,Rosarito,MX,2022-10-02 16:07:13,32.3333,-117.0333,69.48,71,18,5.53,few clouds
227,Isangel,VU,2022-10-02 15:58:51,-19.55,169.2667,73.51,94,79,2.3,broken clouds
228,Port Lincoln,AU,2022-10-02 16:07:13,-34.7333,135.8667,59.16,79,88,11.41,overcast clouds
229,Kamenka,RU,2022-10-02 16:07:13,51.3223,42.7678,65.57,69,100,11.36,overcast clouds
230,Kasangulu,CD,2022-10-02 16:08:14,-4.5911,15.1708,79.5,67,86,4.38,light rain
231,Bengkulu,ID,2022-10-02 16:00:24,-3.8004,102.2655,74.79,93,100,7.9,overcast clouds
232,Hokitika,NZ,2022-10-02 16:00:17,-42.7167,170.9667,45.79,87,87,1.97,overcast clouds
233,Devarkonda,IN,2022-10-02 16:08:15,16.7,78.9333,77.11,74,100,7.56,overcast clouds
234,Ures,MX,2022-10-02 16:08:16,29.4333,-110.4,80.89,45,22,2.84,few clouds
235,Teya,RU,2022-10-02 16:08:16,60.3778,92.6267,28.67,90,100,4.21,overcast clouds
236,Talnakh,RU,2022-10-02 16:08:17,69.4865,88.3972,29.21,96,97,8.77,overcast clouds
237,Dossor,KZ,2022-10-02 16:08:17,47.5272,52.9811,65.48,29,70,17.87,broken clouds
238,Ambon,ID,2022-10-02 16:08:18,-3.6954,128.1814,77.14,94,40,5.75,scattered clouds
239,Homer,US,2022-10-02 16:08:18,59.6425,-151.5483,44.8,96,100,4.0,overcast clouds
240,Bethel,US,2022-10-02 16:08:19,41.3712,-73.414,58.35,73,100,16.11,overcast clouds
241,Correntina,BR,2022-10-02 16:08:19,-13.3433,-44.6367,96.67,25,11,7.34,few clouds
242,Upernavik,GL,2022-10-02 16:08:20,72.7868,-56.1549,22.89,86,19,9.37,few clouds
243,Hamilton,US,2022-10-02 16:05:22,39.1834,-84.5333,66.58,68,75,19.57,broken clouds
244,Salalah,OM,2022-10-02 16:08:20,17.0151,54.0924,80.69,83,75,9.22,broken clouds
245,Teyateyaneng,LS,2022-10-02 16:08:21,-29.1472,27.7489,75.09,9,0,4.99,clear sky
246,Chavinda,MX,2022-10-02 16:08:21,20.0167,-102.45,70.7,64,89,1.1,overcast clouds
247,Alghero,IT,2022-10-02 16:08:22,40.5589,8.3181,73.49,78,20,10.36,few clouds
248,Sao Joao Da Barra,BR,2022-10-02 15:59:03,-21.6403,-41.0511,82.49,73,85,8.41,overcast clouds
249,Dongsheng,CN,2022-10-02 16:08:22,39.8161,109.9776,51.44,82,99,23.09,overcast clouds
250,Constitucion,CL,2022-10-02 16:08:23,-35.3333,-72.4167,61.95,69,20,6.2,few clouds
251,Riviere-Au-Renard,CA,2022-10-02 16:08:23,48.9957,-64.3971,44.96,59,10,17.98,clear sky
252,Bargur,IN,2022-10-02 16:08:24,12.5424,78.3539,74.44,76,99,4.72,overcast clouds
253,Klyuchi,RU,2022-10-02 16:08:24,52.2667,79.1667,35.1,59,30,6.85,scattered clouds
254,Henties Bay,NA,2022-10-02 16:08:25,-22.116,14.2845,59.04,84,8,12.82,clear sky
255,Pangoa,PE,2022-10-02 16:08:25,-12.1167,-73.0,88.63,40,74,3.76,broken clouds
256,Kapit,MY,2022-10-02 16:08:26,2.0167,112.9333,74.32,99,100,2.08,moderate rain
257,Belmonte,BR,2022-10-02 16:08:26,-15.8631,-38.8828,78.15,80,47,4.81,scattered clouds
258,Santa Maria,BR,2022-10-02 16:07:59,-29.6842,-53.8069,70.65,50,0,7.34,clear sky
259,Sur,OM,2022-10-02 16:08:26,22.5667,59.5289,82.8,73,0,10.02,clear sky
260,Ayagoz,KZ,2022-10-02 16:08:27,47.9714,80.4392,32.86,39,0,11.86,clear sky
261,Havoysund,NO,2022-10-02 16:08:27,70.9963,24.6622,43.03,82,100,1.23,overcast clouds
262,Kloulklubed,PW,2022-10-02 16:08:28,7.0419,134.2556,79.3,73,81,10.29,broken clouds
263,Maneadero,MX,2022-10-02 16:08:28,31.7167,-116.5667,69.1,81,34,4.23,scattered clouds
264,Hurghada,EG,2022-10-02 16:04:48,27.2574,33.8129,83.68,58,0,9.84,clear sky
265,Shalakusha,RU,2022-10-02 16:08:29,62.2247,40.2539,44.89,84,100,6.85,overcast clouds
266,Kahului,US,2022-10-02 16:08:29,20.8947,-156.47,76.84,73,20,3.44,few clouds
267,Cabo San Lucas,MX,2022-10-02 16:08:30,22.8909,-109.9124,88.05,65,20,3.44,few clouds
268,Ixtapa,MX,2022-10-02 16:08:30,20.7,-105.2,78.03,89,100,4.61,overcast clouds
269,General Roca,AR,2022-10-02 16:08:30,-39.0333,-67.5833,72.63,29,100,21.14,overcast clouds
270,Mayumba,GA,2022-10-02 16:08:31,-3.432,10.6554,78.1,80,59,7.43,broken clouds
271,Ilulissat,GL,2022-10-02 16:08:31,69.2167,-51.1,28.92,74,99,2.62,overcast clouds
272,Patos De Minas,BR,2022-10-02 16:08:31,-18.5789,-46.5181,90.21,30,8,3.42,clear sky
273,Miloslavskoye,RU,2022-10-02 16:08:32,53.5815,39.4399,59.11,88,100,10.98,overcast clouds
274,Umm Lajj,SA,2022-10-02 16:08:32,25.0213,37.2685,86.94,52,0,2.91,clear sky
275,Campbell River,CA,2022-10-02 16:07:00,50.0163,-125.2446,57.25,70,5,4.59,clear sky
276,Kosh-Agach,RU,2022-10-02 16:09:33,50.0,88.6667,22.57,33,1,3.11,clear sky
277,San Quintin,MX,2022-10-02 16:09:33,30.4833,-115.95,68.54,77,95,8.21,overcast clouds
278,Pandan,PH,2022-10-02 16:09:33,14.0453,124.1694,79.95,88,100,9.64,overcast clouds
279,Hvide Sande,DK,2022-10-02 16:09:34,56.0045,8.1294,56.08,84,5,22.79,clear sky
280,Vardo,NO,2022-10-02 16:09:34,70.3705,31.1107,42.78,87,100,5.75,light intensity drizzle
281,Avarua,CK,2022-10-02 16:09:34,-21.2078,-159.775,71.65,68,100,14.97,overcast clouds
282,Lompoc,US,2022-10-02 16:09:35,34.6391,-120.4579,65.79,87,100,4.61,overcast clouds
283,Santa Vitoria Do Palmar,BR,2022-10-02 16:09:35,-33.5189,-53.3681,68.49,51,3,4.65,clear sky
284,Mugur-Aksy,RU,2022-10-02 16:09:36,50.35,90.5,18.09,57,1,4.5,clear sky
285,Cheney,US,2022-10-02 16:05:20,47.4874,-117.5758,57.22,81,0,4.61,clear sky
286,Goundam,ML,2022-10-02 16:09:36,16.4145,-3.6708,98.04,28,19,14.76,few clouds
287,Te Anau,NZ,2022-10-02 16:09:36,-45.4167,167.7167,40.77,94,92,1.9,overcast clouds
288,Gravelbourg,CA,2022-10-02 16:09:37,49.8834,-106.5512,55.67,74,90,7.45,overcast clouds
289,Kharp,RU,2022-10-02 16:09:37,66.8014,65.8081,34.95,98,100,3.09,light snow
290,Guiratinga,BR,2022-10-02 16:09:37,-16.3494,-53.7583,97.74,26,89,4.52,overcast clouds
291,Bawku,GH,2022-10-02 16:09:38,11.0616,-0.2417,86.49,59,34,7.27,scattered clouds
292,Cascais,PT,2022-10-02 16:09:38,38.6979,-9.4215,90.16,22,0,5.75,clear sky
293,Wiwili,NI,2022-10-02 16:09:39,13.6268,-85.8254,79.99,80,98,3.56,overcast clouds
294,Mabaruma,GY,2022-10-02 16:09:39,8.2,-59.7833,91.11,50,97,5.03,overcast clouds
295,Kavieng,PG,2022-10-02 16:09:40,-2.5744,150.7967,81.39,77,52,9.89,broken clouds
296,Newport,GB,2022-10-02 16:09:40,51.5877,-2.9984,67.44,58,5,7.85,clear sky
297,Tuy Hoa,VN,2022-10-02 16:09:40,13.0833,109.3,77.16,87,97,2.13,overcast clouds
298,Abomsa,ET,2022-10-02 16:09:41,9.9833,39.9833,75.6,52,73,7.07,broken clouds
299,Sioux Lookout,CA,2022-10-02 16:09:41,50.1001,-91.917,57.36,54,2,7.72,clear sky
300,Roma,US,2022-10-02 16:09:41,43.2128,-75.4557,58.57,64,75,9.22,broken clouds
301,Araouane,ML,2022-10-02 16:09:42,18.9048,-3.5265,99.81,24,30,12.37,scattered clouds
302,Lewisporte,CA,2022-10-02 16:09:42,49.2499,-55.0482,46.72,51,73,9.22,broken clouds
303,Palembang,ID,2022-10-02 16:09:42,-2.9167,104.7458,77.09,94,75,3.44,light rain
304,Wajid,SO,2022-10-02 16:09:43,3.8093,43.2471,87.75,33,62,12.15,broken clouds
305,Tarabha,IN,2022-10-02 16:09:43,20.7333,83.65,78.37,83,100,1.7,overcast clouds
306,Astoria,US,2022-10-02 16:09:44,46.1879,-123.8313,56.55,96,100,8.05,mist
307,Pedernales,DO,2022-10-02 16:09:44,18.0384,-71.744,86.5,64,76,9.06,broken clouds
308,Lata,PT,2022-10-02 16:09:44,40.1629,-8.3327,87.93,16,0,5.88,clear sky
309,Grand Gaube,MU,2022-10-02 16:09:45,-20.0064,57.6608,72.37,66,39,5.01,scattered clouds
310,Pacific Grove,US,2022-10-02 16:09:21,36.6177,-121.9166,62.02,80,100,6.91,overcast clouds
311,Penzance,GB,2022-10-02 16:09:45,50.1186,-5.5371,63.77,76,11,9.46,few clouds
312,Itarema,BR,2022-10-02 16:09:46,-2.9248,-39.9167,87.94,55,15,20.13,few clouds
313,Marinette,US,2022-10-02 16:09:46,45.1,-87.6307,57.65,71,100,8.05,overcast clouds
314,Zyryanka,RU,2022-10-02 16:09:46,65.75,150.85,24.57,95,96,3.29,overcast clouds
315,Coquimbo,CL,2022-10-02 16:09:47,-29.9533,-71.3436,58.73,77,75,9.22,broken clouds
316,Trujillo,PE,2022-10-02 16:09:47,-8.116,-79.03,60.76,88,100,9.22,fog
317,Soller,ES,2022-10-02 16:09:48,39.7662,2.7152,80.35,58,3,1.99,clear sky
318,Leshukonskoye,RU,2022-10-02 16:09:48,64.8989,45.7622,40.91,94,100,3.96,overcast clouds
319,Nantucket,US,2022-10-02 16:09:49,41.2835,-70.0995,60.91,80,100,28.77,overcast clouds
320,Port Blair,IN,2022-10-02 16:09:49,11.6667,92.75,81.61,81,90,12.64,overcast clouds
321,Manuk Mangkaw,PH,2022-10-02 16:09:49,4.8,119.85,83.52,69,98,2.66,moderate rain
322,Kalaleh,IR,2022-10-02 16:09:50,37.3807,55.4916,73.63,43,0,4.09,clear sky
323,Nancha,CN,2022-10-02 16:09:50,47.1333,129.2667,56.46,95,100,3.44,overcast clouds
324,Banjar,ID,2022-10-02 16:10:51,-8.19,114.9675,77.43,92,91,5.53,overcast clouds
325,Mola Di Bari,IT,2022-10-02 16:10:51,41.0609,17.0873,75.31,54,0,6.64,clear sky
326,San Policarpo,PH,2022-10-02 16:10:51,12.1791,125.5072,81.86,81,100,5.61,moderate rain
327,Longyearbyen,SJ,2022-10-02 16:10:52,78.2186,15.6401,37.24,93,100,4.61,overcast clouds
328,Kutno,PL,2022-10-02 16:10:52,52.2306,19.3641,56.1,76,92,8.34,overcast clouds
329,Aguililla,MX,2022-10-02 16:10:53,18.7333,-102.7333,70.48,87,100,1.36,overcast clouds
330,Dwarka,IN,2022-10-02 16:10:53,22.2394,68.9678,82.33,69,6,9.62,clear sky
331,Ahipara,NZ,2022-10-02 16:10:53,-35.1667,173.1667,58.51,96,92,9.78,overcast clouds
332,Atar,MR,2022-10-02 16:10:54,20.5169,-13.0499,98.74,16,0,3.91,clear sky
333,Nemuro,JP,2022-10-02 16:10:54,43.3236,145.575,55.65,72,13,8.34,few clouds
334,Gushikawa,JP,2022-10-02 16:10:55,26.3544,127.8686,79.83,78,0,5.75,clear sky
335,Deputatskiy,RU,2022-10-02 16:10:55,69.3,139.9,-1.34,99,64,5.08,broken clouds
336,Wajima,JP,2022-10-02 16:10:55,37.4,136.9,71.83,73,100,7.99,overcast clouds
337,Shimonoseki,JP,2022-10-02 16:10:56,33.95,130.95,72.28,83,83,2.91,broken clouds
338,Plouzane,FR,2022-10-02 16:10:56,48.3833,-4.6167,59.32,97,100,18.41,overcast clouds
339,Richards Bay,ZA,2022-10-02 16:10:57,-28.783,32.0377,71.74,88,2,5.32,clear sky
340,Saint George,US,2022-10-02 16:10:57,37.1041,-113.5841,75.79,42,20,8.05,few clouds
341,Shahrud,IR,2022-10-02 16:10:57,36.4182,54.9763,63.23,57,20,6.44,few clouds
342,Goderich,CA,2022-10-02 16:10:58,43.7501,-81.7165,56.91,50,1,11.5,clear sky
343,Bazpur,IN,2022-10-02 16:10:58,29.15,79.1167,77.5,72,1,3.27,clear sky
344,Roald,NO,2022-10-02 16:10:59,62.5833,6.1333,60.17,93,75,16.11,shower rain
345,Touros,BR,2022-10-02 16:10:59,-5.1989,-35.4608,84.96,50,4,16.82,clear sky
346,Zabol,AF,2022-10-02 16:11:00,32.25,67.25,66.34,24,0,9.24,clear sky
347,Mayo,US,2022-10-02 16:11:00,38.8876,-76.5119,59.14,93,100,10.36,overcast clouds
348,Ust-Nera,RU,2022-10-02 16:11:01,64.5667,143.2,17.67,97,99,2.8,overcast clouds
349,Cockburn Town,TC,2022-10-02 16:08:00,21.4612,-71.1419,82.94,76,31,8.84,scattered clouds
350,Flin Flon,CA,2022-10-02 16:11:01,54.7682,-101.865,57.18,61,81,11.83,broken clouds
351,Sandnessjoen,NO,2022-10-02 16:11:01,66.0217,12.6316,53.65,91,75,5.75,broken clouds
352,Nahrin,AF,2022-10-02 16:11:02,36.0649,69.1334,58.28,33,32,2.06,scattered clouds
353,Dakar,SN,2022-10-02 16:08:46,14.6937,-17.4441,88.68,74,64,8.68,light rain
354,Roebourne,AU,2022-10-02 16:11:03,-20.7833,117.1333,73.65,60,23,14.88,few clouds
355,Kjollefjord,NO,2022-10-02 16:11:03,70.9457,27.3465,42.85,87,75,0.0,broken clouds
356,Dunedin,NZ,2022-10-02 16:11:03,-45.8742,170.5036,46.8,75,41,7.0,scattered clouds
357,Grand Forks,US,2022-10-02 16:11:04,47.9417,-97.4337,62.33,63,20,20.71,few clouds
358,Sursk,RU,2022-10-02 16:11:05,53.0754,45.6846,59.58,87,99,11.34,overcast clouds
359,Xuddur,SO,2022-10-02 16:11:05,4.1213,43.8894,86.68,35,97,11.65,overcast clouds
360,Beloha,MG,2022-10-02 16:11:05,-25.1667,45.05,75.29,52,72,4.9,broken clouds
361,Denpasar,ID,2022-10-02 16:08:52,-8.65,115.2167,78.46,94,40,3.44,scattered clouds
362,Ossora,RU,2022-10-02 16:11:06,59.2353,163.0719,36.32,88,100,7.09,overcast clouds
363,Algeciras,ES,2022-10-02 16:10:41,36.1333,-5.4505,69.48,68,75,12.66,broken clouds
364,Yandyki,RU,2022-10-02 16:11:07,45.7691,47.1258,67.95,70,100,20.85,overcast clouds
365,Soyo,AO,2022-10-02 16:11:07,-6.1349,12.3689,78.26,76,64,9.93,broken clouds
366,Barra Dos Coqueiros,BR,2022-10-02 16:11:08,-10.9089,-37.0386,80.62,65,40,10.36,scattered clouds
367,Minot,US,2022-10-02 16:11:08,48.2325,-101.2963,52.02,87,100,3.44,overcast clouds
368,Chake Chake,TZ,2022-10-02 16:11:09,-5.2459,39.7666,74.08,75,2,11.34,clear sky
369,Hasaki,JP,2022-10-02 16:12:09,35.7333,140.8333,68.4,60,75,6.11,broken clouds
370,Jerantut,MY,2022-10-02 16:12:10,3.936,102.3626,74.1,95,100,1.83,overcast clouds
371,Fairbanks,US,2022-10-02 16:07:52,64.8378,-147.7164,40.3,96,100,3.44,overcast clouds
372,Severo-Kurilsk,RU,2022-10-02 16:12:10,50.6789,156.125,43.68,68,46,10.13,scattered clouds
373,Souillac,MU,2022-10-02 16:12:11,-20.5167,57.5167,71.98,73,75,13.8,broken clouds
374,Cruzeiro,BR,2022-10-02 16:11:09,-22.5761,-44.9628,79.57,64,62,3.31,broken clouds
375,Betong,TH,2022-10-02 16:12:11,5.7743,101.0723,73.47,91,98,0.4,overcast clouds
376,Yinchuan,CN,2022-10-02 16:12:12,38.4681,106.2731,61.7,53,100,14.09,overcast clouds
377,Palmares Do Sul,BR,2022-10-02 16:12:12,-30.2578,-50.5097,64.81,76,90,11.1,overcast clouds
378,Beringovskiy,RU,2022-10-02 16:12:12,63.05,179.3167,40.71,89,100,10.94,overcast clouds
379,Mongo,TD,2022-10-02 16:12:13,12.1844,18.693,88.54,52,30,6.46,scattered clouds
380,Madingou,CG,2022-10-02 16:12:13,-4.1536,13.55,84.25,59,100,4.41,light rain
381,Zhezkazgan,KZ,2022-10-02 16:12:14,47.8043,67.7144,44.1,25,0,12.66,clear sky
382,Gaogou,CN,2022-10-02 16:12:14,34.0175,119.1886,80.55,63,67,3.31,light rain
383,Shache,CN,2022-10-02 16:12:15,38.4167,77.2406,63.86,24,25,12.77,scattered clouds
384,Samfya,ZM,2022-10-02 16:12:15,-11.3649,29.5565,83.62,18,1,4.99,clear sky
385,Humberto De Campos,BR,2022-10-02 16:12:15,-2.5983,-43.4611,93.27,42,69,6.15,broken clouds
386,Alice Springs,AU,2022-10-02 16:12:16,-23.7,133.8833,65.75,52,96,5.75,overcast clouds
387,Tomatlan,MX,2022-10-02 16:12:16,19.9333,-105.25,74.39,95,100,7.87,overcast clouds
388,El Alto,PE,2022-10-02 16:12:17,-4.2714,-81.2147,67.66,76,73,5.91,broken clouds
389,Ati,TD,2022-10-02 16:12:17,13.2154,18.3353,99.14,20,32,7.61,scattered clouds
390,Nur,PL,2022-10-02 16:12:17,52.6683,22.3221,52.16,79,90,12.17,overcast clouds
391,Port Hedland,AU,2022-10-02 16:12:18,-20.3167,118.5667,73.45,78,1,10.36,clear sky
392,Tecoanapa,MX,2022-10-02 16:12:18,16.5167,-98.75,83.48,68,78,4.05,broken clouds
393,Boundiali,CI,2022-10-02 16:12:18,9.5217,-6.4869,79.23,83,89,4.12,moderate rain
394,Khani,GE,2022-10-02 16:12:19,41.9563,42.9566,72.97,54,62,5.59,broken clouds
395,Yzeure,FR,2022-10-02 16:12:19,46.5644,3.355,67.14,61,18,4.88,few clouds
396,Helong,CN,2022-10-02 16:12:19,42.5397,128.9972,57.99,94,100,2.13,overcast clouds
397,Haines Junction,CA,2022-10-02 16:12:20,60.7522,-137.5108,39.15,65,97,5.75,overcast clouds
398,Jurm,AF,2022-10-02 16:12:20,36.8648,70.8342,56.75,44,8,1.14,clear sky
399,Tura,IN,2022-10-02 16:12:21,25.5198,90.2201,74.59,98,100,1.1,overcast clouds
400,Qandala,SO,2022-10-02 16:12:21,11.472,49.8728,85.14,67,66,4.79,broken clouds
401,Belawan,ID,2022-10-02 16:12:22,3.7755,98.6832,79.09,91,100,4.36,overcast clouds
402,Tatarsk,RU,2022-10-02 16:12:22,55.219,75.9828,33.26,63,10,2.24,clear sky
403,Le Pradet,FR,2022-10-02 16:07:30,43.1066,6.0172,81.19,57,0,24.16,clear sky
404,Omboue,GA,2022-10-02 16:12:23,-1.5746,9.2618,79.14,79,98,8.88,overcast clouds
405,Tuatapere,NZ,2022-10-02 16:12:23,-46.1333,167.6833,38.59,93,24,6.17,few clouds
406,Zaragoza,ES,2022-10-02 16:11:21,41.6561,-0.8773,86.86,23,0,4.61,clear sky
407,Manggar,ID,2022-10-02 16:12:23,-2.8833,108.2667,78.1,87,100,6.73,overcast clouds
408,Shar,KZ,2022-10-02 16:12:24,49.5886,81.0453,34.92,45,2,5.79,clear sky
409,Mosquera,CO,2022-10-02 16:12:24,4.7059,-74.2302,64.49,52,40,11.5,scattered clouds
410,Vrangel,RU,2022-10-02 16:12:25,42.7297,133.0839,58.53,89,100,10.0,overcast clouds
411,Wilmington,US,2022-10-02 16:12:25,34.2257,-77.9447,75.94,57,0,5.75,clear sky
412,Mehamn,NO,2022-10-02 16:12:26,71.0357,27.8492,40.95,87,75,0.0,broken clouds
413,Darab,IR,2022-10-02 16:12:26,28.7519,54.5444,81.77,18,19,2.37,few clouds
414,Skjervoy,NO,2022-10-02 16:12:26,70.0311,20.9714,33.8,67,7,1.21,clear sky
415,Grenfell,AU,2022-10-02 16:13:27,-33.9,148.1667,43.29,90,1,5.3,clear sky
416,Pingliang,CN,2022-10-02 16:13:27,35.5392,106.6861,55.54,49,100,18.25,overcast clouds
417,Bud,US,2022-10-02 16:13:28,39.447,-86.1758,67.35,73,0,13.49,clear sky
418,Cayenne,GF,2022-10-02 16:13:28,4.9333,-52.3333,91.44,52,0,11.5,clear sky
419,Coihaique,CL,2022-10-02 16:11:53,-45.5752,-72.0662,63.21,36,40,9.22,scattered clouds
420,Viedma,AR,2022-10-02 16:13:29,-40.8135,-62.9967,60.39,38,99,14.34,overcast clouds
421,Mayor Pablo Lagerenza,PY,2022-10-02 16:13:29,-19.9309,-60.7718,88.57,35,80,6.17,broken clouds
422,Kiama,AU,2022-10-02 16:13:29,-34.6833,150.8667,53.01,91,11,5.14,few clouds
423,Griffith,US,2022-10-02 16:13:30,41.5284,-87.4237,67.24,74,40,11.5,scattered clouds
424,Waipawa,NZ,2022-10-02 16:13:30,-41.4122,175.5153,48.09,97,100,5.39,overcast clouds
425,San Pedro De Macoris,DO,2022-10-02 16:13:31,18.4616,-69.2972,88.41,78,99,11.23,overcast clouds
426,Shumskiy,RU,2022-10-02 16:13:31,54.8318,99.1328,27.61,88,99,4.23,overcast clouds
427,Darhan,MN,2022-10-02 16:13:31,49.4867,105.9228,30.18,47,58,2.28,broken clouds
428,Praia Da Vitoria,PT,2022-10-02 16:13:32,38.7333,-27.0667,70.05,94,75,23.94,light rain
429,Camacha,PT,2022-10-02 16:13:32,33.0833,-16.3333,71.02,68,40,8.05,scattered clouds
430,Miracema Do Tocantins,BR,2022-10-02 16:13:32,-9.5618,-48.3967,104.54,15,35,6.11,scattered clouds
431,Haapiti,PF,2022-10-02 16:13:33,-17.5667,-149.8667,69.53,73,67,11.07,light rain
432,Rundu,NA,2022-10-02 16:13:33,-17.9333,19.7667,94.1,8,0,11.21,clear sky
433,Norman Wells,CA,2022-10-02 16:13:33,65.282,-126.8329,30.24,93,75,11.5,broken clouds
434,Kiunga,PG,2022-10-02 16:13:34,-6.1219,141.2906,72.14,99,100,1.52,moderate rain
435,Waitara,NZ,2022-10-02 16:13:34,-38.925,174.25,58.23,95,99,9.44,overcast clouds
436,Khombole,SN,2022-10-02 16:13:20,14.7667,-16.7,86.81,49,58,3.02,broken clouds
437,Saint-Leu,RE,2022-10-02 16:13:35,-21.15,55.2833,70.66,72,96,8.46,overcast clouds
438,Sakakah,SA,2022-10-02 16:13:35,29.9697,40.2064,87.3,15,0,3.85,clear sky
439,Torquay,GB,2022-10-02 16:13:35,50.4638,-3.5143,66.2,75,40,1.99,scattered clouds
440,Quelimane,MZ,2022-10-02 16:13:36,-17.8786,36.8883,78.75,73,0,8.05,clear sky
441,Bay Roberts,CA,2022-10-02 16:13:36,47.5999,-53.2648,53.65,53,91,4.0,overcast clouds
442,Ca Mau,VN,2022-10-02 16:12:21,9.1769,105.15,77.77,91,100,0.83,light rain
443,Changji,CN,2022-10-02 16:13:37,44.0167,87.3167,41.79,48,0,4.47,clear sky
444,Nador,MA,2022-10-02 16:13:37,35.174,-2.9287,73.65,78,40,10.36,scattered clouds
445,Burnie,AU,2022-10-02 16:13:37,-41.0667,145.9167,47.91,74,75,4.74,broken clouds
446,Saraza,PH,2022-10-02 16:13:38,8.7356,117.78,79.97,87,80,8.72,broken clouds
447,Jalu,LY,2022-10-02 16:13:38,29.0331,21.5482,99.14,13,0,14.79,clear sky
448,Port Hardy,CA,2022-10-02 16:13:39,50.6996,-127.4199,50.18,100,100,0.0,fog
449,Djougou,BJ,2022-10-02 16:13:39,9.7085,1.666,82.47,70,91,2.91,overcast clouds
450,Arlit,NE,2022-10-02 16:13:39,18.7369,7.3853,104.79,6,0,21.12,clear sky
451,Achutupo,PA,2022-10-02 16:13:40,9.2,-77.9833,84.67,65,75,5.46,broken clouds
452,Lichuan,CN,2022-10-02 16:13:40,30.3,108.85,65.98,89,31,3.98,scattered clouds
453,Kimbe,PG,2022-10-02 16:13:40,-5.5502,150.1429,75.09,93,36,3.36,scattered clouds
454,Naze,JP,2022-10-02 16:13:41,28.3667,129.4833,76.46,68,2,10.76,clear sky
455,Sept-Iles,CA,2022-10-02 16:13:41,50.2001,-66.3821,52.05,43,20,9.22,few clouds
456,Schramberg,DE,2022-10-02 16:13:42,48.224,8.3858,62.98,74,82,13.42,broken clouds
457,Kathu,TH,2022-10-02 16:13:42,7.9178,98.3332,84.69,99,100,8.03,overcast clouds
458,Kyrylivka,UA,2022-10-02 16:13:42,46.3759,35.3675,61.74,90,100,22.64,moderate rain
459,Tchollire,CM,2022-10-02 16:14:43,8.4022,14.1698,82.54,78,92,3.31,overcast clouds
460,Wicklow,IE,2022-10-02 16:14:43,53.0,-6.4167,55.08,74,47,5.26,scattered clouds
461,Pitsunda,GE,2022-10-02 16:14:44,43.1592,40.3378,69.98,55,100,6.98,overcast clouds
462,Mincivan,AZ,2022-10-02 16:14:44,39.0294,46.7185,71.69,37,0,1.74,clear sky
463,Jaffna,LK,2022-10-02 16:14:44,9.6685,80.0074,81.91,79,100,15.21,overcast clouds
464,Grindavik,IS,2022-10-02 16:14:45,63.8424,-22.4338,48.15,87,100,12.66,moderate rain
465,Zaysan,KZ,2022-10-02 16:14:45,47.4667,84.8667,34.65,34,0,3.44,clear sky
466,Koungou,YT,2022-10-02 16:14:46,-12.7336,45.2042,76.71,69,22,5.75,few clouds
467,Biskamzha,RU,2022-10-02 16:14:47,53.4497,89.5272,20.5,86,6,3.8,clear sky
468,Potrero Del Llano,MX,2022-10-02 16:14:47,21.05,-97.6833,77.45,69,8,5.28,clear sky
469,Asau,RO,2022-10-02 16:14:48,46.4333,26.4,60.28,67,12,12.21,few clouds
470,Hami,CN,2022-10-02 16:14:48,42.8,93.45,45.46,19,1,5.08,clear sky
471,Mount Gambier,AU,2022-10-02 16:14:49,-37.8333,140.7667,46.71,88,100,4.74,overcast clouds
472,Talaja,IN,2022-10-02 16:14:49,21.35,72.05,81.1,74,3,11.5,clear sky
473,Keetmanshoop,NA,2022-10-02 16:14:49,-26.5833,18.1333,97.83,6,0,4.41,clear sky
474,Nizhniy Kuranakh,RU,2022-10-02 16:14:50,58.8353,125.4869,24.12,94,100,7.0,light snow
475,Yenagoa,NG,2022-10-02 16:14:50,4.9247,6.2642,77.23,87,100,7.47,overcast clouds
476,Chernyshevskiy,RU,2022-10-02 16:14:51,63.0128,112.4714,26.44,94,100,6.24,overcast clouds
477,Mookane,BW,2022-10-02 16:14:51,-23.688,26.6595,88.59,16,0,6.96,clear sky
478,Lasa,IT,2022-10-02 16:14:52,46.6166,10.7002,68.88,83,30,5.79,scattered clouds
479,Manaus,BR,2022-10-02 16:12:05,-3.1019,-60.025,88.3,62,20,8.05,few clouds
480,San Cristobal,VE,2022-10-02 16:14:52,7.7669,-72.225,77.18,43,80,7.18,broken clouds
481,Kuloy,RU,2022-10-02 16:14:52,61.0305,42.4925,44.38,97,100,7.16,overcast clouds
482,Zhanaozen,KZ,2022-10-02 16:14:53,43.3,52.8,63.97,21,3,18.84,clear sky
483,Mbengwi,CM,2022-10-02 16:14:53,6.0167,10.0,70.41,87,71,1.99,moderate rain
484,Amapa,BR,2022-10-02 16:14:54,1.0,-52.0,97.92,30,81,4.56,broken clouds
485,Kangaatsiaq,GL,2022-10-02 16:14:54,68.3065,-53.4641,33.91,77,47,3.49,scattered clouds
486,Jacobabad,PK,2022-10-02 16:14:55,28.281,68.4388,85.19,34,0,6.64,clear sky
487,Stavern,NO,2022-10-02 16:14:55,59.0,10.0333,57.18,82,30,5.44,scattered clouds
488,Itaueira,BR,2022-10-02 16:14:56,-7.6033,-43.0256,97.77,18,6,7.83,clear sky
489,Ust-Kuyga,RU,2022-10-02 16:12:14,70.0167,135.6,15.66,88,92,3.85,overcast clouds
490,Helena,US,2022-10-02 16:13:55,46.5927,-112.0361,52.32,90,100,3.44,overcast clouds
491,Nikolayevsk-Na-Amure,RU,2022-10-02 16:14:56,53.1406,140.73,43.59,88,100,3.98,overcast clouds
492,Waseca,US,2022-10-02 16:11:58,44.0777,-93.5074,65.86,60,0,8.05,clear sky
493,Elko,US,2022-10-02 16:14:57,41.0002,-115.5012,46.42,41,100,0.54,overcast clouds
494,Nicoya,CR,2022-10-02 16:14:57,10.1483,-85.452,79.63,79,100,1.23,overcast clouds
495,Putina,PE,2022-10-02 16:14:58,-15.4667,-69.4333,50.61,54,5,4.9,clear sky
496,Arkhangelsk,RU,2022-10-02 16:14:58,64.5401,40.5433,42.91,93,75,2.24,broken clouds
497,Mooresville,US,2022-10-02 16:14:59,35.5849,-80.8101,65.28,69,100,8.3,overcast clouds
498,Sal Rei,CV,2022-10-02 16:14:59,16.1833,-22.9167,82.6,54,20,14.97,few clouds
499,Sembakung,ID,2022-10-02 16:15:00,3.8167,117.25,73.99,96,100,1.01,overcast clouds
500,Abu Dhabi,AE,2022-10-02 16:10:04,24.4667,54.3667,87.91,75,0,4.61,clear sky
501,Balabac,PH,2022-10-02 16:15:00,7.9868,117.0645,82.94,77,85,9.48,overcast clouds
502,Havre-Saint-Pierre,CA,2022-10-02 16:15:01,50.2334,-63.5986,52.16,37,75,8.05,broken clouds
503,Paita,PE,2022-10-02 16:15:01,-5.0892,-81.1144,69.76,69,56,8.77,broken clouds
504,Pouebo,NC,2022-10-02 16:15:01,-20.4,164.5667,68.72,77,94,5.32,overcast clouds
505,Machico,PT,2022-10-02 16:15:02,32.7,-16.7667,76.71,60,20,5.75,few clouds
506,Abu Zabad,SD,2022-10-02 16:15:03,12.35,29.25,88.03,42,6,5.93,clear sky
507,Saint-Augustin,CA,2022-10-02 16:15:04,51.226,-58.6502,47.86,34,43,14.56,scattered clouds
508,Mogadishu,SO,2022-10-02 16:12:36,2.0371,45.3438,77.22,84,63,19.04,broken clouds
509,Bang Saphan,TH,2022-10-02 16:16:05,11.2126,99.5117,76.86,90,100,3.98,light rain
510,Hovd,MN,2022-10-02 16:16:05,48.0056,91.6419,23.67,40,0,1.92,clear sky
511,Zhigansk,RU,2022-10-02 16:16:05,66.7697,123.3711,20.89,85,72,4.16,broken clouds
512,Katobu,ID,2022-10-02 16:16:06,-4.9408,122.5276,76.08,92,81,3.71,broken clouds
513,Kozhva,RU,2022-10-02 16:16:06,65.1073,57.0459,42.53,93,100,10.4,overcast clouds
514,Merauke,ID,2022-10-02 16:16:07,-8.4667,140.3333,77.7,90,100,9.46,overcast clouds
515,Thohoyandou,ZA,2022-10-02 16:16:07,-22.9456,30.485,80.98,29,0,4.5,clear sky
516,Kumluca,TR,2022-10-02 16:16:08,36.3703,30.2869,83.57,53,4,8.88,clear sky
517,Lewiston,US,2022-10-02 16:16:08,44.1003,-70.2148,54.86,48,20,13.8,few clouds
518,Karangasem,ID,2022-10-02 16:16:08,-8.45,115.6167,76.91,88,85,5.73,overcast clouds
519,Ugoofaaru,MV,2022-10-02 16:16:09,5.6667,73.0,81.37,77,100,22.48,overcast clouds
520,Petawawa,CA,2022-10-02 16:16:09,45.9001,-77.3328,50.79,45,1,8.39,clear sky
521,Mhango,TZ,2022-10-02 16:16:10,-3.2833,32.85,83.34,24,88,3.06,overcast clouds
522,Samarai,PG,2022-10-02 16:16:10,-10.6167,150.6667,81.12,82,29,10.83,scattered clouds
523,Teguise,ES,2022-10-02 16:16:10,29.0605,-13.564,71.82,83,0,17.27,clear sky
524,Caconda,AO,2022-10-02 16:16:11,-13.7333,15.0667,88.12,11,78,8.81,broken clouds
525,San Vicente,AR,2022-10-02 16:16:11,-26.6167,-54.1333,75.87,38,1,4.09,clear sky
526,Sokoni,TZ,2022-10-02 16:16:12,-6.4333,39.55,76.15,76,2,16.98,clear sky
527,Luganville,VU,2022-10-02 16:16:12,-15.5333,167.1667,77.14,83,17,3.13,few clouds
528,Tofield,CA,2022-10-02 16:15:34,53.3668,-112.6686,60.39,54,27,12.06,scattered clouds
529,Kirakira,SB,2022-10-02 16:16:13,-10.4544,161.9205,78.73,85,39,5.26,scattered clouds
530,Kutum,SD,2022-10-02 16:16:13,14.2,24.6667,85.08,29,73,7.43,broken clouds
531,Auly,UA,2022-10-02 16:16:14,48.5271,34.4949,55.6,82,100,15.12,moderate rain
532,San Jeronimo,PE,2022-10-02 16:16:15,-11.9472,-75.2829,58.82,47,56,3.69,broken clouds
533,Huescar,ES,2022-10-02 16:16:16,37.811,-2.5412,77.25,26,16,6.67,few clouds
534,Pangnirtung,CA,2022-10-02 16:16:17,66.1451,-65.7125,31.8,46,4,5.41,clear sky
535,Beibei,CN,2022-10-02 16:16:17,29.8256,106.4339,86.47,66,6,4.47,clear sky
536,Iqaluit,CA,2022-10-02 16:16:17,63.7506,-68.5145,31.73,74,75,8.05,broken clouds
537,Antalaha,MG,2022-10-02 16:16:19,-14.9003,50.2788,69.04,78,1,8.66,clear sky
538,Varnamo,SE,2022-10-02 16:16:19,57.186,14.04,52.05,73,91,5.99,overcast clouds
539,Padang,ID,2022-10-02 16:16:20,-0.9492,100.3543,75.9,92,100,3.33,overcast clouds
540,Lima,PE,2022-10-02 16:13:57,-12.0432,-77.0282,70.9,65,100,5.75,overcast clouds
541,Leh,IN,2022-10-02 16:16:20,34.1667,77.5833,50.56,25,4,4.21,clear sky
542,Evensk,RU,2022-10-02 16:12:21,61.95,159.2333,29.89,68,43,8.01,scattered clouds
543,Ketchikan,US,2022-10-02 16:16:22,55.3422,-131.6461,48.67,87,40,8.05,scattered clouds
544,Galesong,ID,2022-10-02 16:16:22,-5.3166,119.3661,75.22,79,98,7.56,overcast clouds
545,Nome,US,2022-10-02 16:16:23,64.5011,-165.4064,30.27,80,0,4.61,clear sky
546,Bubaque,GW,2022-10-02 16:16:24,11.2833,-15.8333,80.4,72,100,3.6,overcast clouds
547,Aranos,NA,2022-10-02 16:16:25,-24.1333,19.1167,94.21,10,0,6.51,clear sky
548,Gondar,ET,2022-10-02 16:16:25,12.6,37.4667,58.06,86,79,3.74,light rain
549,Menongue,AO,2022-10-02 16:16:26,-14.6585,17.691,91.8,10,73,9.26,broken clouds
550,Acajutla,SV,2022-10-02 16:17:26,13.5928,-89.8275,79.74,77,100,7.25,overcast clouds
551,Dolores,AR,2022-10-02 16:17:27,-36.3132,-57.6792,73.98,29,5,10.07,light rain
552,Susanville,US,2022-10-02 16:17:27,40.4163,-120.653,66.13,57,0,0.0,clear sky
553,Panjab,AF,2022-10-02 16:17:27,34.388,67.0233,51.22,29,5,3.04,clear sky
554,Sambava,MG,2022-10-02 16:17:28,-14.2667,50.1667,70.61,77,2,10.38,clear sky
555,Balkanabat,TM,2022-10-02 16:17:28,39.5108,54.3671,70.52,20,0,17.0,clear sky
556,Komsomolskiy,UZ,2022-10-02 16:17:29,40.4272,71.7189,63.32,42,56,4.61,broken clouds
557,Charters Towers,AU,2022-10-02 16:17:29,-20.1,146.2667,68.81,77,78,7.76,broken clouds
558,Suibara,JP,2022-10-02 16:17:30,37.8333,139.2333,63.86,67,100,5.53,overcast clouds
559,Laguna,US,2022-10-02 16:17:30,38.421,-121.4238,66.97,75,0,6.91,clear sky
560,Kontagora,NG,2022-10-02 16:17:30,10.3999,5.4695,83.05,73,100,0.67,overcast clouds
561,Karonga,MW,2022-10-02 16:17:31,-9.9333,33.9333,76.77,65,34,1.68,scattered clouds
562,Akyab,MM,2022-10-02 16:17:31,20.15,92.9,79.12,89,100,13.0,light rain
563,Makubetsu,JP,2022-10-02 16:17:31,45.3714,141.8211,55.11,91,2,8.61,clear sky
564,Shevchenkove,UA,2022-10-02 16:17:32,49.6959,37.1735,61.92,86,100,17.58,light rain
565,San-Pedro,CI,2022-10-02 16:17:32,4.7485,-6.6363,78.91,81,85,9.1,overcast clouds
566,Krasnoselkup,RU,2022-10-02 16:17:33,65.7,82.4667,31.26,88,100,13.67,overcast clouds
567,Petropavlovsk-Kamchatskiy,RU,2022-10-02 16:17:33,53.0452,158.6483,39.79,60,0,8.95,clear sky
568,Vigrestad,NO,2022-10-02 16:17:34,58.5667,5.7,55.58,79,35,19.22,scattered clouds
569,Santa Fe,AR,2022-10-02 16:16:43,-31.6333,-60.7,79.92,37,0,4.0,light rain
570,Chara,RU,2022-10-02 16:17:34,56.9064,118.2631,18.9,77,95,3.0,overcast clouds
571,Mbandaka,CD,2022-10-02 16:17:34,0.0487,18.2603,70.68,97,100,8.05,light rain
572,Natal,BR,2022-10-02 16:17:35,-5.795,-35.2094,88.02,58,40,16.11,scattered clouds
573,Jackson,US,2022-10-02 16:17:35,42.4165,-122.8345,74.44,57,0,0.0,clear sky
574,Almeirim,BR,2022-10-02 16:17:35,-1.5233,-52.5817,96.13,38,73,5.86,broken clouds
575,Zamora,EC,2022-10-02 16:17:36,-4.0692,-78.9567,83.44,59,98,5.82,overcast clouds
576,Muhos,FI,2022-10-02 16:17:36,64.808,25.9931,47.98,94,100,3.8,overcast clouds
577,San Rafael,AR,2022-10-02 16:17:37,-34.6177,-68.3301,79.48,22,86,16.93,overcast clouds
578,Hambantota,LK,2022-10-02 16:17:37,6.1241,81.1185,80.02,79,100,20.62,overcast clouds
579,Prieska,ZA,2022-10-02 16:17:38,-29.6641,22.7474,91.31,6,0,15.26,clear sky
580,Sibu,MY,2022-10-02 16:17:38,2.3,111.8167,75.51,100,40,3.44,scattered clouds
581,Bontang,ID,2022-10-02 16:17:38,0.1333,117.5,79.9,80,100,2.21,overcast clouds
582,Bagdarin,RU,2022-10-02 16:17:39,54.4333,113.6,21.2,55,73,4.25,broken clouds
583,Itacoatiara,BR,2022-10-02 16:17:40,-3.1431,-58.4442,96.4,39,99,3.31,overcast clouds
584,Sola,VU,2022-10-02 16:17:40,-13.8833,167.55,79.75,75,15,8.46,few clouds
585,Tiznit,MA,2022-10-02 16:17:41,29.5833,-9.5,83.64,23,0,6.35,clear sky
586,Poso,ID,2022-10-02 16:17:41,-1.3959,120.7524,76.64,90,100,1.74,overcast clouds
587,Usinsk,RU,2022-10-02 16:17:42,65.9939,57.5281,40.93,95,100,11.25,light rain
588,Nisia Floresta,BR,2022-10-02 16:17:43,-6.0911,-35.2086,88.18,56,25,13.82,scattered clouds
589,Bishop Auckland,GB,2022-10-02 16:17:43,54.6555,-1.6771,60.62,71,35,1.99,scattered clouds
590,Kalangala,UG,2022-10-02 16:17:43,-0.3089,32.225,76.35,59,73,1.43,broken clouds
591,Sabang,ID,2022-10-02 16:17:09,5.8933,95.3214,81.57,80,78,17.47,broken clouds
592,Meulaboh,ID,2022-10-02 16:17:44,4.1363,96.1285,76.5,88,100,0.98,overcast clouds
593,Batemans Bay,AU,2022-10-02 16:17:45,-35.7167,150.1833,46.67,92,8,3.91,clear sky
594,Curico,CL,2022-10-02 16:17:45,-34.9833,-71.2333,66.31,59,0,5.75,clear sky
595,Cherskiy,RU,2022-10-02 16:17:45,68.75,161.3,27.7,95,100,12.03,overcast clouds
596,Contamana,PE,2022-10-02 16:18:46,-7.3333,-75.0167,95.68,36,87,1.01,overcast clouds
597,Gazanjyk,TM,2022-10-02 16:18:46,39.2446,55.5154,65.05,19,0,13.0,clear sky
598,Humaita,BR,2022-10-02 16:18:47,-7.5061,-63.0208,92.05,46,100,4.56,overcast clouds
599,Hisar,IN,2022-10-02 16:18:47,29.1667,75.7167,83.71,40,0,3.98,clear sky
600,Turzovka,SK,2022-10-02 16:18:47,49.4043,18.6226,55.13,71,20,3.44,few clouds
601,Rocha,UY,2022-10-02 16:18:48,-34.4833,-54.3333,69.8,42,0,5.77,clear sky
602,Pizarro,CO,2022-10-02 16:18:48,4.9533,-77.366,83.08,70,24,3.09,few clouds
603,Likasi,CD,2022-10-02 16:18:48,-10.9814,26.7333,80.6,22,0,4.54,clear sky
604,Bandarbeyla,SO,2022-10-02 16:18:49,9.4942,50.8122,77.25,82,72,26.28,broken clouds
605,Sobradinho,BR,2022-10-02 16:18:49,-12.8333,-39.1,84.38,52,79,7.23,broken clouds
606,Rassvet,RU,2022-10-02 16:18:50,46.8333,40.75,75.18,42,100,10.78,overcast clouds
607,Turmalina,BR,2022-10-02 16:18:50,-17.2856,-42.73,90.82,31,30,3.71,scattered clouds
608,Lagoa Vermelha,BR,2022-10-02 16:18:50,-28.2086,-51.5258,66.81,50,0,5.14,clear sky
609,Tahta,EG,2022-10-02 16:18:51,26.7693,31.5021,93.9,14,0,8.99,clear sky
610,Minchinabad,PK,2022-10-02 16:18:51,30.163,73.5685,85.33,26,0,7.49,clear sky
611,Nyaunglebin,MM,2022-10-02 16:17:14,17.95,96.7333,75.67,97,100,3.24,overcast clouds
612,Tigzirt,DZ,2022-10-02 16:18:52,36.8886,4.1198,77.95,57,2,8.55,clear sky
613,Pitimbu,BR,2022-10-02 16:18:52,-7.4706,-34.8086,79.39,71,43,13.47,scattered clouds
614,Independencia,BR,2022-10-02 16:18:53,-5.3964,-40.3086,96.73,22,4,7.49,clear sky
615,Tabou,CI,2022-10-02 16:18:53,4.423,-7.3528,78.64,81,88,9.26,light rain
616,Port Washington,US,2022-10-02 16:18:54,40.8257,-73.6982,60.87,70,100,23.02,overcast clouds
617,Alenquer,BR,2022-10-02 16:18:54,-1.9417,-54.7383,97.21,38,79,3.38,broken clouds
618,Cortez,US,2022-10-02 16:18:54,37.3489,-108.5859,58.69,88,40,4.61,scattered clouds
619,Buin,CL,2022-10-02 16:18:55,-33.7333,-70.75,84.43,30,0,4.45,clear sky
620,Hirara,JP,2022-10-02 16:18:56,24.8,125.2833,81.79,72,13,11.61,few clouds
621,Kassala,SD,2022-10-02 16:18:56,15.451,36.4,96.58,21,13,2.21,few clouds
622,Obihiro,JP,2022-10-02 16:18:56,42.9172,143.2044,56.64,90,100,1.39,overcast clouds
623,Baykit,RU,2022-10-02 16:18:57,61.67,96.37,30.27,93,100,4.47,light snow
624,Saint-Francois,FR,2022-10-02 16:18:57,46.4154,3.9054,67.44,60,100,6.91,overcast clouds
625,Tondano,ID,2022-10-02 16:18:58,1.3038,124.9112,68.09,88,93,2.42,overcast clouds
626,Cowra,AU,2022-10-02 16:18:58,-33.8333,148.6833,43.0,90,0,3.74,clear sky
627,Baft,IR,2022-10-02 16:18:59,29.234,56.6057,68.81,26,81,11.92,broken clouds
628,Yatou,CN,2022-10-02 16:18:59,37.15,122.3833,70.88,98,89,2.01,overcast clouds
629,Saskatoon,CA,2022-10-02 16:14:26,52.1168,-106.6345,56.16,76,20,10.36,few clouds
630,Port Hueneme,US,2022-10-02 16:19:00,34.1478,-119.1951,70.54,74,100,5.75,overcast clouds
631,Nizwa,OM,2022-10-02 16:19:00,22.9333,57.5333,89.1,29,90,4.12,overcast clouds
632,Scarborough,GB,2022-10-02 16:19:00,54.2797,-0.4044,62.17,67,12,9.44,few clouds
633,Borogontsy,RU,2022-10-02 16:19:01,62.6683,131.1683,23.07,90,99,5.57,overcast clouds
634,Placido De Castro,BR,2022-10-02 16:19:01,-10.3353,-67.1856,96.33,31,85,0.85,overcast clouds
635,Egvekinot,RU,2022-10-02 16:19:01,66.3167,-179.1667,22.71,83,97,7.27,overcast clouds
636,Salto De Agua,MX,2022-10-02 16:19:02,17.6167,-92.3667,81.36,82,100,2.42,overcast clouds
637,Kedzierzyn-Kozle,PL,2022-10-02 16:19:02,50.3498,18.2261,59.72,72,99,9.33,overcast clouds
638,Den Helder,NL,2022-10-02 16:19:03,52.9599,4.7593,59.99,71,20,15.01,few clouds
639,Bonavista,CA,2022-10-02 16:19:03,48.6499,-53.1147,48.63,53,43,18.63,scattered clouds
640,Kidal,ML,2022-10-02 16:19:04,18.4411,1.4078,102.61,16,99,9.13,overcast clouds
641,Fort Nelson,CA,2022-10-02 16:19:04,58.8053,-122.7002,45.99,49,0,5.75,clear sky
642,Port Jervis,US,2022-10-02 16:20:05,41.3751,-74.6927,60.35,74,100,13.04,overcast clouds
643,Balti,MD,2022-10-02 16:20:05,47.7617,27.9289,55.74,66,32,19.62,scattered clouds
644,Mecca,SA,2022-10-02 16:17:26,21.4267,39.8261,87.46,37,1,7.72,clear sky
645,Mezen,RU,2022-10-02 16:20:06,65.8522,44.24,39.58,94,86,4.36,overcast clouds
646,Dig,IN,2022-10-02 16:17:09,27.4667,77.3333,84.69,48,2,4.14,clear sky
647,Mangochi,MW,2022-10-02 16:20:06,-14.4782,35.2645,84.6,29,0,3.13,clear sky
648,Gudur,IN,2022-10-02 16:20:07,14.1333,79.85,83.48,64,100,4.76,overcast clouds
649,Umm Kaddadah,SD,2022-10-02 16:20:07,13.6017,26.6876,96.66,23,35,4.74,scattered clouds
650,Herzberg,DE,2022-10-02 16:20:08,51.6869,13.2202,62.15,65,69,13.49,broken clouds
651,Maputo,MZ,2022-10-02 16:18:35,-25.9653,32.5892,75.22,81,18,5.01,few clouds
652,Plettenberg Bay,ZA,2022-10-02 16:20:08,-34.0527,23.3716,67.66,69,21,2.68,few clouds
653,Mangan,IN,2022-10-02 16:20:08,27.5167,88.5333,72.57,79,12,4.43,few clouds
654,Leshan,CN,2022-10-02 16:20:09,29.5623,103.7639,77.22,83,82,1.9,broken clouds
655,Orcopampa,PE,2022-10-02 16:20:09,-15.2661,-72.3417,60.98,32,54,6.67,broken clouds
656,Broken Hill,AU,2022-10-02 16:20:10,-31.95,141.4333,58.66,46,80,11.92,broken clouds
657,Doliana,GR,2022-10-02 16:20:10,39.9032,20.5794,70.72,62,0,5.93,clear sky
658,Sainte-Rose,GP,2022-10-02 16:20:10,16.3324,-61.6979,88.18,66,20,11.5,few clouds
659,Garowe,SO,2022-10-02 16:20:11,8.4054,48.4845,89.71,34,99,15.39,overcast clouds
660,Bandar-E Lengeh,IR,2022-10-02 16:20:11,26.5579,54.8807,87.91,74,0,4.61,haze
661,Suzun,RU,2022-10-02 16:20:12,53.7841,82.3116,30.09,88,26,4.5,scattered clouds
662,Tsabong,BW,2022-10-02 16:20:12,-26.0217,22.401,92.21,12,0,4.0,clear sky
663,Renigunta,IN,2022-10-02 16:20:12,13.65,79.5167,81.57,66,99,4.23,overcast clouds
664,Pinega,RU,2022-10-02 16:20:13,64.7001,43.3936,41.79,94,89,4.56,overcast clouds
665,Bantou,CN,2022-10-02 16:20:13,26.2151,117.4893,81.32,66,24,1.83,few clouds
666,Manaure,CO,2022-10-02 16:20:14,11.7751,-72.4445,87.12,61,17,5.75,few clouds
667,Sorland,NO,2022-10-02 16:20:14,67.667,12.6934,51.66,90,100,13.65,overcast clouds
668,Barguzin,RU,2022-10-02 16:20:15,53.6167,109.6167,26.4,76,94,4.36,overcast clouds
669,Khandyga,RU,2022-10-02 16:20:15,62.6667,135.6,23.22,69,100,4.14,overcast clouds
670,Brigantine,US,2022-10-02 16:20:15,39.4101,-74.3646,62.02,94,100,19.57,heavy intensity rain
671,Hagi,JP,2022-10-02 16:20:16,34.4,131.4167,72.09,80,100,15.79,overcast clouds
672,Kardla,EE,2022-10-02 16:16:37,58.9978,22.7492,50.05,81,40,9.22,scattered clouds
673,Yacuiba,BO,2022-10-02 16:17:19,-22.038,-63.6797,70.77,54,100,2.35,overcast clouds
674,College,US,2022-10-02 16:20:16,64.8569,-147.8028,40.28,95,100,3.44,light rain
675,Sobolevo,RU,2022-10-02 16:20:17,54.4299,31.8996,47.57,95,100,20.33,moderate rain
676,Rosetta,EG,2022-10-02 16:20:17,31.4044,30.4164,80.02,79,0,12.01,clear sky
677,Raymondville,US,2022-10-02 16:20:18,26.4815,-97.7831,84.2,52,83,3.71,broken clouds
678,Uvira,CD,2022-10-02 16:20:18,-3.4067,29.1458,76.51,71,97,1.72,light rain
679,Zabolotovka,RU,2022-10-02 16:20:18,50.2737,39.3147,66.51,71,100,7.78,light rain
680,Mao,ES,2022-10-02 16:20:19,39.8885,4.2658,73.96,64,20,5.75,few clouds
681,Dudinka,RU,2022-10-02 16:20:19,69.4058,86.1778,29.62,80,89,11.14,overcast clouds
682,Payo,ID,2022-10-02 16:20:20,-3.7508,103.6372,73.33,99,100,2.48,overcast clouds
683,Peleduy,RU,2022-10-02 16:20:20,59.6289,112.7406,29.14,95,100,4.12,light snow
684,Rongcheng,CN,2022-10-02 16:20:20,30.634,117.8517,82.71,57,1,4.41,clear sky
685,Vero Beach,US,2022-10-02 16:18:45,27.6386,-80.3973,85.05,54,40,9.22,scattered clouds
686,Tartagal,AR,2022-10-02 16:20:21,-22.5164,-63.8013,70.86,52,100,0.34,overcast clouds
687,Ucluelet,CA,2022-10-02 16:20:21,48.9329,-125.5528,57.51,67,1,4.18,clear sky
688,Mitu,CO,2022-10-02 16:20:22,1.1983,-70.1733,77.65,78,100,0.45,overcast clouds
689,Iwanai,JP,2022-10-02 16:20:22,42.9744,140.5089,60.42,97,100,5.99,overcast clouds
690,Panzhihua,CN,2022-10-02 16:21:23,26.5851,101.7128,71.67,83,66,1.88,broken clouds
691,Rawson,AR,2022-10-02 16:17:06,-43.3002,-65.1023,53.65,49,100,14.25,overcast clouds
692,Katiola,CI,2022-10-02 16:21:23,8.1333,-5.1,83.03,81,78,3.8,moderate rain
693,Edgewater,US,2022-10-02 16:21:23,28.9889,-80.9023,83.17,50,0,11.5,clear sky
694,Jieshi,CN,2022-10-02 16:21:24,22.8134,115.8257,80.42,85,0,5.88,clear sky
695,Saint-Junien,FR,2022-10-02 16:21:24,45.8833,0.9,64.98,55,48,5.06,scattered clouds
696,Kieta,PG,2022-10-02 16:21:24,-6.2167,155.6333,78.49,82,25,3.2,scattered clouds
697,Harper,LR,2022-10-02 16:21:25,4.375,-7.7169,78.66,80,87,8.52,overcast clouds
698,Kaeo,NZ,2022-10-02 16:21:26,-35.1,173.7833,58.32,94,100,9.22,overcast clouds
699,Kallithea,GR,2022-10-02 16:21:26,37.95,23.7,82.45,35,0,9.22,clear sky
700,Siocon,PH,2022-10-02 16:21:27,7.7061,122.1353,79.5,86,100,4.81,moderate rain
701,Jumla,NP,2022-10-02 16:21:27,29.2747,82.1838,54.27,89,0,3.83,clear sky
702,Port-Gentil,GA,2022-10-02 16:21:27,-0.7193,8.7815,82.36,78,75,12.66,broken clouds
703,Vao,NC,2022-10-02 16:21:28,-22.6667,167.4833,70.54,71,100,10.94,overcast clouds
704,Muros,ES,2022-10-02 16:21:29,42.7762,-9.0603,79.84,46,99,4.83,overcast clouds
705,Puri,IN,2022-10-02 16:21:29,19.8,85.85,81.12,87,100,9.91,overcast clouds
706,Saint-Pierre,RE,2022-10-02 16:21:29,-21.3393,55.4781,71.28,60,20,14.97,few clouds
707,Tual,ID,2022-10-02 16:21:30,-5.6667,132.75,83.08,71,87,5.97,overcast clouds
708,Springbok,ZA,2022-10-02 16:21:30,-29.6643,17.8865,69.33,29,0,10.38,clear sky
709,Reinbek,DE,2022-10-02 16:21:31,53.5167,10.25,60.03,79,0,12.3,clear sky
710,Salym,RU,2022-10-02 16:21:31,60.0625,71.4789,32.83,73,73,9.15,broken clouds
711,Murgab,TM,2022-10-02 16:21:32,37.4966,61.9714,66.07,48,40,4.61,scattered clouds
712,Monaragala,LK,2022-10-02 16:21:32,6.8714,81.3487,78.73,69,99,4.29,overcast clouds
713,Ponca City,US,2022-10-02 16:21:32,36.707,-97.0856,77.95,33,0,9.22,clear sky
714,Port Hawkesbury,CA,2022-10-02 16:21:33,45.6169,-61.3485,51.91,58,75,10.0,broken clouds
715,Jiuquan,CN,2022-10-02 16:21:33,39.7432,98.5174,43.72,43,87,5.95,overcast clouds
716,Shubarkuduk,KZ,2022-10-02 16:21:34,49.1447,56.4872,53.42,25,85,9.66,overcast clouds
717,Muisne,EC,2022-10-02 16:21:34,0.6,-80.0333,75.94,79,99,7.34,overcast clouds
718,Rabo De Peixe,PT,2022-10-02 16:21:34,37.8,-25.5833,72.91,78,20,16.11,few clouds
719,Nyurba,RU,2022-10-02 16:21:35,63.2842,118.3319,26.08,97,89,2.91,overcast clouds
720,Wuwei,CN,2022-10-02 16:21:35,37.9281,102.6414,45.39,53,100,4.61,overcast clouds
721,Wawa,NG,2022-10-02 16:21:36,9.9022,4.4192,84.65,69,80,1.99,broken clouds
722,Sindor,RU,2022-10-02 16:21:36,62.8629,51.8905,43.16,98,100,7.61,moderate rain
